-3.021710180666728,-3.807789335284486,-1.170473392328413
-1.1121862683225994,1.864699157688698,4.503991424932969
4.356163882253133,1.3859145840666023,2.0256053407869965
-2.3448240236811277,-4.22714016492351,1.277922659654447
-1.2589990862751395,-4.78996182395105,0.6864306416892288
3.04425831503193,2.2892960097795565,3.2390762712486953
-0.8711848360374191,-4.062772947694436,2.7811711484446113
3.7520267205531894,-3.112225842734971,-1.1119108741565016
4.649845003304887,-1.375443338253144,1.219465894765254
3.354135696126487,-3.2290517185488987,-1.8229094137961126
-4.579429237806432,-1.6195647746920048,-1.1856803095693385
-1.3702216616302438,2.1490780672647403,-4.301622491432844
4.460368678475444,-0.06289917945872281,2.25857365283903
-1.8102100978082023,-4.048464153417373,2.309345664963945
3.4169670958002385,-0.6918927740635215,3.5840787178042235
-4.581299224721547,0.28632964443361636,-1.9823503091745103
-4.385888871679594,-2.400444816593984,-0.042935856392752825
-3.149402853408851,-3.3139651686916354,2.024573171717634
2.5958908478731773,-2.5291158830372424,-3.4445498335917604
-1.6967548455467458,4.480441336620887,1.430618196169922
0.20581142705212407,4.598539146280374,1.9521986007119612
-0.4169283319782156,-1.5903839018915422,4.721954024617149
0.8497260237256351,4.614044013207517,-1.7287462303031345
-2.613599361155833,4.210088416621807,-0.6665237457080638
0.09474388846534461,-4.755643197154526,1.5410650138642243
-4.337630988015386,-2.479112591379479,-0.19737824366527656
-0.8399679137879068,1.4891856175569922,-4.6985934172120265
3.036223102087975,1.0779752579752462,3.8235217558607504
-1.0518625283813576,1.3793374904424267,-4.689457677476914
4.470322898340949,-1.6330818146275679,-1.532728603276298
4.769420892381582,0.02341019191256823,1.5006919451468665
2.7595262633990716,1.7420956685708033,-3.7881548916534027
-3.5547907321889323,-1.8289335919617462,3.0030758842456136
-1.8018912167147627,0.15531698767195154,4.661444483898387
2.496959044457139,3.8866002792488477,-1.9129907996763795
-2.0259627104174736,2.435127107148977,-3.8685437916645253
4.4277941468951445,-2.2316062644401464,0.6438730257066102
-4.041521373998279,-2.581344006242376,1.415191896864738
2.5917153858789086,-1.0997173342156672,4.132025307694053
0.682319530063132,-2.935706665817574,3.98949450822641
-0.96924900252534,-3.251985965306425,-3.672212364849516
4.31317745794949,-1.2029267839818982,-2.2247398429064327
2.2935571232612073,-0.000981204908242339,-4.442926373413665
-4.651302382704808,1.0337487548792177,-1.515503103405017
-1.1408020228304163,-1.7286567639433856,4.550858879066546
0.029460189717592948,4.579862300245901,-2.0059893838223886
-4.608818932745108,1.2598589769163338,-1.4736157584165481
2.730753258239115,3.624225047784775,2.0995188605073096
1.9241758995687537,4.583716276313045,-0.5358098597279126
-4.859348965183988,0.8897013754957199,-0.7714655514061072
-0.3225010404295378,3.437621239821376,-3.616455901908774
-4.032416182439276,2.3842875840195665,-1.7477964550519014
-3.7105037022526135,1.4512355370314238,-3.020939868919401
-1.0820650479486429,-2.427206088926859,4.235304691977223
-0.17729731776366686,4.316434821819874,2.5173311443063353
-4.045453414725493,-2.5461622459317304,1.4667530421573125
-4.011410775647976,-2.0805755155685666,-2.1400441848316816
2.2018076466314858,4.261661494112265,1.4107743961512569
-1.5634190720347554,-3.9574796315719287,-2.6256572074228006
-0.8093202981072231,3.400642278726946,3.575001083525212
1.7574846396191994,4.4708673783667505,-1.3865758639752077
2.8020725638052393,0.1295230214337581,-4.139035290268567
3.90712887432775,2.129570249748246,-2.280191770615262
-1.6685797669081759,1.2688601334359568,4.539365101337581
-0.8195994526130606,-3.0669503262324396,-3.8629098402239603
4.6588359329421065,1.5896978317296322,0.8764180245302777
-1.8723270396917109,2.9130886123728956,-3.60670295323896
4.553619283402639,0.645645494984736,-1.9615538016148204
-3.1923996819095266,-3.826588512360072,0.40719114432645
-4.4022829667883485,-0.6962913026186361,2.2660721749809336
-1.1710733071556418,-3.651630905926622,-3.208454306383226
-1.4337245793376918,-4.774295674571431,0.38798794101295664
-3.445412745018104,1.3172039981308135,3.375515463418145
3.989196291852459,-3.0077482876390027,-0.1994070793007157
0.2415061644646233,-1.897744262793801,-4.619549922401402
-0.24661488105223478,-4.886599180706216,-1.0297230441069687
1.4463810189308084,-2.069407713565407,-4.315730953513283
0.5133409298846967,-4.208022042623428,2.6512320868796957
0.7263064488900328,1.0901790206136026,4.825348551691858
-0.32541516968083506,0.23151104236625927,4.984025241168435
4.293922008598901,-0.40811401984907514,-2.528967522700242
1.9197149633678683,1.707242746908897,4.289524060143324
-4.8309017658925235,0.885321402155153,-0.9373335282505055
-2.6559780444671937,-1.6152267106080258,3.9162256447562624
-1.5868310536430705,4.704256064709028,-0.5932470689707239
-2.5987023807426883,-0.38296042030940897,-4.254419731620134
4.467480958108136,1.036222932189971,-1.9919477713396083
-0.6185500425462621,0.5713891975668905,-4.928580954977799
-0.4202088759811356,-4.843761223046402,1.1667912043972093
-1.647038410640544,-3.9021054888186306,-2.657223593905148
-0.02236632439118497,1.9459284996873294,-4.6057422878009415
-4.897713669927501,-0.5953163165947275,0.8111715543591181
-2.4252372753331057,4.372351412418889,-0.027699903490750043
1.423790707493712,-4.749168875483721,0.6466954564485876
-0.42374806652272856,-3.6772497190676585,3.3612902403296094
-2.3853423064609234,4.394237852446579,0.028561812501363488
0.667629080262575,1.1106526184925276,-4.8291533597747165
-0.6801418278288007,3.336975960763074,-3.6608740119440144
2.2461073681493677,1.0620552559799508,4.339013750149967
2.7831422443500733,3.7791290918688065,1.72403670341002
-1.7954926903665467,4.496936053015941,-1.2465039646650597
3.237750866058696,-3.808647912413245,-0.10569015378169573
2.3226421732116163,4.404035392731386,-0.45804540690648987
1.8338802960808123,-1.6030642824674997,-4.366585389743743
1.1617179501931105,3.0601483296041376,-3.77966977459938
-3.981110387008936,-2.5767745641294693,-1.5846112873840525
1.4901498786797103,-3.2510311409459387,-3.494316794406396
2.167526717323556,1.2041271793103319,4.341878126540946
-4.9276540697561035,-0.20532975537789785,0.8222317558769906
0.490272870752427,3.722770120231902,-3.3016079634191473
-3.947968696049058,3.0202988665516504,0.5397572896437065
-2.569852518181125,-1.7353334656343595,-3.9223049088319963
-2.9096892939465744,2.1660817520541107,3.4411913716198472
2.9825198740608374,-2.770720047459018,-2.903047643329476
0.07399405824180684,3.521657408056818,3.5485847854635577
2.4309900891493195,3.7640112253033746,2.2186722791453404
-3.5793375947514976,-3.049343982600813,1.6999540166059735
0.10549708995850282,-1.6273044104806214,-4.72660033424031
4.1927646941468515,-2.2443648687472737,1.5438751748275168
2.7449522254660983,-3.729798928671552,-1.8851623886523023
4.283894361176653,-1.6053956768139808,2.017660482624829
-1.3279900484288332,1.8345456049313862,4.457677069360332
0.48721950181853724,-4.905928020791034,-0.8333591133869419
-3.188966976661722,-1.5759918334215652,-3.5137927318994673
-2.1407871924152904,0.08624322557820864,-4.5176976772281385
-3.7939405729613735,3.1244595074455064,-0.918568296410725
1.8995098072012544,3.4549596330728884,3.0749173039584505
0.8070868634397735,4.865350831343502,0.8227831323064663
-2.3901455382070873,2.9683875608218053,3.2366463499967253
2.601251695770761,4.205548888088546,0.739491828992681
1.9892203917051772,4.140217469171493,-1.9752472101464924
4.112296710974917,2.8083925878042755,0.4493849504276736
-1.5723735324292265,-2.625289456915031,-3.954174596793472
-3.49978373892299,-0.40110013027461866,-3.548328122688755
4.330348201063348,-0.999065761629324,2.291277386412967
4.419534335765675,0.9036297644226697,-2.1566570204456896
-4.3846346239131835,0.9219363640990779,-2.2192369308691378
-2.6083820405008002,-3.0705674126876517,-2.961073942834515
-2.9699442441493025,-1.8841385491711233,3.5537941856798283
-1.557901163466474,0.4770507364090222,4.727088592332644
4.221489765061983,-2.100343430059916,1.6636050130007054
-2.8073478448274143,-2.9685460699248725,-2.8821055339588897
3.583701989706296,3.460258113542622,-0.42859518970422184
4.800808096509558,-0.14460646673257438,1.3897232063498821
-0.520069723581107,-4.669564282575241,1.7101745213608597
-1.8561719087780382,4.397917355490173,-1.487598325940716
-4.011908365734978,1.3050367984487903,2.6835555182705324
-3.4273912915099634,-3.533554334593767,0.8757754845594108
-1.9586241009040062,4.5674341726757905,-0.5498515341720861
-2.5130869685136474,3.231475196876616,-2.870881735749161
0.38122397228913885,0.16382354812031888,-4.982753267826269
3.745418020403317,-1.4001960420340462,3.001881892465172
-4.859700651613814,-1.1123828343055429,-0.3819869194706004
0.4291653730358802,3.7031811981896516,-3.3320063169150242
-2.715380870952847,0.22166026244396658,4.192561681563746
-4.47324287919863,0.9226527895705295,-2.034406540885196
-4.626816907153788,-0.4409514086609151,-1.8434009772363158
3.308919569690025,-3.7411406789221733,-0.23434526203045744
-1.8438292082717391,3.4289659609939385,3.1372737032444147
0.7042571473622798,-1.3512463371189731,4.762158670898283
2.8013165191256157,-4.001005768455399,-1.0698498027576433
-3.879928840009964,-1.027013634266707,2.981844260099649
3.4621652558941802,-3.263561454915417,1.537068108728285
-1.733527028231712,2.4879468177376216,3.975550864282756
-4.475263024365669,2.105309464082948,-0.7346379538168556
4.824889324067351,-1.3112909916667213,0.030966847992692018
3.882309867003285,-3.101039283947506,0.5578758428031043
0.8147939334437424,-2.7952350420162104,-4.06482126370987
4.972426888983473,-0.48799854022351874,0.19190690048524564
3.189787409469245,-3.1119513741470772,-2.267380631331141
2.649708045087775,-3.103041079760347,2.8896683777064913
-0.0016341684363272019,2.394658631510258,-4.389260457984572
2.245692348912146,4.1229428475234196,1.7199442287739817
0.5778175257958322,-1.6755900336541316,4.6753101443649845
4.258286467812307,1.5300711668721179,2.1274112395945424
4.822548644426966,-0.834654269536962,1.0229256192311103
-4.717892459630219,-1.3065539342648922,1.017058285557545
0.4888852762679514,-3.6232981642698667,3.4106746545877136
-1.130052936256187,-4.173292377915235,2.511296694875651
0.1621819076187095,-3.993265004779019,-3.0045851012158704
-4.969859760309488,-0.09446264780563421,0.5399729354570189
2.922736660753368,-4.0153042082228305,0.5787421941730911
-1.3270227011306088,2.6823422326091606,-4.005502577435862
1.3498818369242744,-3.8192603903189197,-2.931052557918899
-0.9702781618289029,-3.4014277476760415,3.5339566446148454
-2.7054978769181077,0.17846292969343275,4.201003715865632
-3.8926499331281295,0.5563770224528114,3.088320110837624
-3.3798673955246015,2.8227276847048435,2.3682704251564224
3.57228047207864,1.375230359074316,3.21676136638793
-1.1952877600638976,-4.825966356817751,-0.5304110608807463
-4.658730673184288,-1.3538072505717869,-1.2097249451966876
3.898715164325352,-3.080219249806665,0.5588107377100128
-3.0457717182003243,-3.9120627910051238,0.6473324955880466
2.4633428625661624,1.5793701922104375,-4.054322599078854
-0.1889686719366986,-4.416866329722662,-2.335718875718722
-2.2729039709925005,-0.2936894924441748,4.443833257523779
-4.042403313705632,-1.0112444486946877,2.763396481565014
-1.8395571953418015,-3.2176214478037117,-3.3560306231766948
4.668919925960029,0.9998594553376889,-1.4837344083579185
4.575268049247128,-2.015932777746846,-0.0541969846418452
1.3677742821345937,2.394102135966051,-4.17102726863467
-1.2996812224687384,-0.8893881985551491,4.745504962828823
4.311726211764147,-1.5825038686730677,1.976031017069513
-3.498643180462446,3.417515837875428,1.0392696443533003
0.9945096297060093,2.3714737458406083,-4.28801386065982
1.8641708656753826,-1.6544328007278877,-4.334480256206363
-4.494665727055509,-0.8896029532944472,2.001645969576632
3.927811785701497,-2.896390542337041,-1.0877575108290243
-0.17967013088300007,0.6668166419065538,4.952077766972663
-1.3117148080759318,-4.816188653673758,0.28936329155313867
4.197895412039222,2.5461660434049875,-0.9458924827861989
4.613642304091436,0.9951307146498095,1.6504604056621375
-0.47977458139485457,2.835547797763383,4.090169316501044
-4.626964712628035,-0.02038296585401621,1.8949359046674807
2.3394747913671585,2.3845720496074048,-3.720305611208404
0.8201834864315442,-1.829349672184238,4.580478012769456
3.786970339090642,-0.8751778511099435,3.1453011588358732
4.424645464996644,1.8591093393688745,-1.4022214423392836
2.5470059742424658,-0.06370547664412216,-4.302174122396574
-4.403810024339628,0.4493274494077407,2.3247714108562465
2.997438039511181,-3.5417292524646333,-1.8632013046173177
-1.3282398712423047,1.9253499463356196,-4.419140915221832
-4.112536950725474,2.1998233207361895,1.8021701324966048
-1.7942508485291155,-1.2849639254155816,4.486594655519164
-0.046590352734017,-3.4654814946637367,-3.6039238822671202
-4.531919459190226,0.6576015859140516,-2.0073032081916007
4.916669790467543,0.8786342368862662,0.2331524164042478
3.0783632201026996,3.6580189636213363,1.4637544694741749
-1.2385491290530095,-2.9052064511196023,-3.8763090087472487
1.277326757176694,3.29148739011051,3.540416234871822
-4.171022328528781,0.2491410342270181,-2.745997356149244
3.9913745504175817,1.8562699865586725,2.3713268301270314
3.0933215537354415,3.2126344062259573,2.260606541866351
4.35047360045911,-1.0484306176973057,2.2302853386020356
1.0442831677386968,2.7387502628881717,-4.050767786865547
-4.139196513768424,-2.7029113071498307,-0.7492147129421015
3.7592572478625543,1.2527645157576413,-3.0493550158109475
0.48711285761092565,-1.3903112261214767,-4.778049367521302
-2.6163366378611266,1.450166267113506,-4.0064698170723325
0.46862705008816863,3.089959804599432,-3.902888301487182
-3.3624454265239687,1.521706222767218,-3.3731840929957517
-2.6528342425735003,-0.6430837559015976,4.189142366203968
-2.9819770019831564,-3.662741526196195,-1.6407734980555688
3.8968384506989904,2.482387628810385,-1.9111257806547026
0.6341342589414701,-3.2476973120080244,3.7483777706112558
1.6528757614227614,3.3665359967659536,3.306726039420291
-3.0254730534512166,3.9007242530052464,-0.7942689121810307
0.7090280482252244,4.509241870643984,2.040592310791422
-2.778579307448421,3.3005382463063015,-2.5270426029033977
2.042955540877901,-4.534618676149137,-0.5133869105418727
4.191046702245327,1.1693237271161399,-2.463292422917301
-0.6152752186593166,0.13260143069649433,4.960227138537203
-2.8784314383965977,-3.2649876575651966,2.460586932095068
0.11090570035857325,2.623957321488587,-4.2547089090364825
3.013040289661579,3.5951438348874083,1.7310485317711712
-2.344786009230709,-2.837206305672779,-3.384115682119413
-3.9201340187302307,-2.11832587223606,-2.2683132002017077
1.240510686199699,2.1556797630942586,4.337531325121496
-4.549887226640201,0.22074294263611438,-2.0615040087597927
-1.274907341822721,-3.844549328875454,2.931561312271981
-0.768245889367505,-2.886888992637842,-4.009447617522444
4.276084453916463,-2.500558166148034,-0.6799342620315073
-0.7303217751835965,2.321800796645287,-4.367593292122103
2.975773514583005,4.017777709818448,0.04726800601184975
2.199471446284027,2.8704732652518143,-3.452927539126159
1.5014467705612051,4.721128148435635,-0.6757267208125234
0.625446786941937,4.518045793842013,-2.0484331869627814
-3.3048577739379583,-0.5786110359511414,-3.707172016931152
0.3355881328950315,-4.935989294084494,-0.7234571816930786
3.4291547364302026,-3.599423510079665,0.5338990435504549
1.1244259594575547,-3.6637003767615006,-3.2113806705240653
-0.07771718633125226,-0.4860237195776179,4.975715122769459
-1.4485438408860865,-4.783761923082947,-0.13169132200993877
1.0171959130400718,1.7071120821653922,-4.588145683543572
-1.4219285540933093,3.9668553506007274,2.691129468172144
-2.145408676403053,-4.507480917079386,0.2825551156494635
-3.232391287520121,-2.1447581743481057,3.1546250074978808
3.7910011473136773,-0.8365973686911702,-3.150938771821089
-4.35857556968271,2.068959895747176,1.3123353051544697
2.5950316752796057,3.187748206913588,-2.8467651771115103
2.4414955883112377,-4.2628915737276225,0.9310503331715216
-3.056891407987985,-1.89212984654032,-3.4749474188252893
4.930926687110649,0.015618013680423705,0.8280809646337054
-4.6955950042256305,-1.6028003585856603,-0.6184000055053199
-0.7336303430209115,-4.8805008467917474,-0.8015597321872241
4.264605764021361,-0.6986390555852805,2.514963448538902
3.7279415437022676,-1.9570173287881047,2.6967638052973477
-4.054937137866781,-2.0735494426648438,2.063462506752445
4.1951623693766,1.7650202791114746,2.070100506954132
2.038784368616341,4.498113939657312,-0.7812357417234801
4.753872410425664,-1.342116236231515,-0.7742229096567936
3.280299684291862,-0.36378609279136376,-3.7559677394682596
-1.8130434057129172,3.313570086879256,-3.2761451262634727
-3.5283929216374417,3.0741112627551685,-1.7607621459869645
2.873393085070237,-2.7130973707757247,-3.063121746741451
-2.803073963146006,4.1075129391475755,-0.5206859051944772
-4.698579148585912,0.17915974465129025,1.700369304113129
-1.8543679368891361,-0.15890592795075054,4.640696980055867
1.0735221083026596,-0.9997562492165981,4.779962104989722
-0.6367803632121929,-4.526278975804036,2.0266497976270377
-1.4330684241627571,-2.8607814689934483,3.842166612515829
3.9560734231496832,-2.3438229284657237,1.9636642153502493
2.9311844136487455,-4.046909398997456,0.17516349359584915
-2.3313833877641668,2.3506725964308823,-3.746864001221043
4.487587356579004,1.2731174218603643,1.8002032516435154
-0.16751182635150644,4.00942097069536,2.9826973141404514
3.277641398093236,3.2525769475990427,1.9177617332329666
-0.9456773515266959,4.079470693755932,2.7319614209567358
-4.64148503638686,-0.5673346305609202,-1.7705219778255161
1.4233185406700641,-4.209296784300465,2.2925934906700327
2.6085294040731806,-0.003614127583752819,-4.265625544532411
0.7844417232435867,-4.06556578732834,-2.8028246487677255
4.787605196909682,1.1886554265988136,-0.8160482555220672
-1.7425598081693119,2.5768602390364044,-3.914495704867509
-2.3921246677333787,-2.137208797133165,3.835371967811998
-0.9917353443875129,3.6242356148621147,3.298693258649189
-1.3222801159440567,-4.633808731058111,1.333938506434456
-1.9871150826328388,1.0799414264777498,-4.459271259269871
-4.143735233466442,-2.783971608317851,0.2809989306188362
-1.6384417918779957,-0.10292660452372919,-4.722807915711673
2.250201864481431,3.6849640360809004,2.5214344373539954
-0.08223920915933343,-0.22342790190466474,-4.9943284518669095
1.0720516949361465,0.286856478044706,-4.875286506902781
0.30265711858678324,4.783635507708953,1.4231057578250623
-0.5689215725745176,-1.7946896715864409,4.631999268885984
-2.952492232326863,-4.033707405850161,0.10951795304468728
0.6636561447126408,2.8062388901554853,-4.084676708500204
-4.947461063866894,0.12540844095793946,-0.7119703255456381
2.9018982755046636,-3.0708416732862607,-2.6737460268753095
-4.1003734316394285,0.23648328700741897,2.8514931835920043
-4.194729752182811,-2.510728278162089,-1.0490404279099859
4.748450548342198,-0.38811154174765244,1.5170981580342566
-1.9382545339360941,-4.093502291775654,2.118114338014744
4.975567609852954,0.14756465337240565,0.4711174300078988
-3.0989562770312613,-3.6753294026913803,-1.3741993213361576
-4.976575184353436,0.4579455217751768,0.1548719908944757
0.05844427903599612,-2.206471822760429,-4.486431361517997
-3.298318473019616,-2.857490184465987,-2.4404600173365028
-0.899276910321772,4.1496651811225,2.6403749588158294
2.3072064297320307,-4.404836981062501,-0.5236503230853293
-1.4440402049129526,4.786921471950075,-0.011432758997012116
1.4401534756788525,4.348806612834165,2.003456765358302
4.224300790315355,-1.009205775233766,-2.477253829581435
0.06805156181997896,-4.988654431662453,0.3296906828960111
4.1456557393642255,2.3668614087993944,1.487113163889217
4.9479914484288265,-0.40480091380066985,-0.5945728268777096
4.560591874430375,1.980777807237267,-0.5268026511284494
3.941979431759284,-1.9863189851185294,-2.3484750475456297
1.3729019347690892,0.6150348662493179,-4.768319661139024
3.5646617275385197,2.399188555806455,-2.5567716053471483
2.0631785546977537,3.595031300484336,2.796255388903738
-3.1754242151405365,3.72841060651213,-1.0077873799303905
-2.3590733804214477,3.060946164205568,3.1725985194509154
-0.5461405225399364,-4.950867809390973,-0.43662164808450776
-0.6437344733349504,3.486997324893197,3.5251178113685597
1.5708790143994613,-3.3215077217596125,3.3911540183852815
4.018149602775194,0.5105809342938323,2.9315151166680313
0.2618957918670455,4.811621711844694,1.3340566315966769
-0.3905048127443394,-4.634330603223031,1.8358883003205728
0.4966451318544946,-3.1840178917780873,3.8230058432916696
4.2345547079265815,2.3591866160678054,1.2258812895804247
-4.838947790718066,-1.1461240558828503,0.5205611656965843
-3.7160148063341314,1.559926679021633,-2.959368634554006
0.9285860717398894,4.792445013728833,-1.0817572268103097
2.866482598678939,-4.092048920268064,0.19599271824179904
2.8494545972885184,-2.913284321547472,2.897133576453977
-2.6932457079001173,-3.1905999521930983,2.7507270860525215
-1.367156974437608,3.955964347698097,-2.73518333699739
0.7698376067535606,4.8764493080668085,-0.7922071730820769
4.401461812257897,1.4228007374781102,-1.898096935529685
4.9838795066922374,-0.2353955999891895,-0.32485993024511584
-0.7338052278098306,4.7202291481443295,1.4768096277610137
3.6184203421905954,-3.4502399050603247,0.05365468060301964
-3.6577068894884097,-0.07948044940081006,3.4080585629874482
-1.9556518826055378,1.1821878609857142,-4.44723032632665
-3.651742940081467,2.184980505993385,-2.6250016548554895
4.9563395385506865,0.6113436144604619,0.24689545086449713
-3.226651709522695,-3.642984680997841,-1.1477723465257943
-1.1349607210925927,2.0272273362536315,-4.4274387052474244
0.026813176469807222,0.9833937602936708,4.9022665947276955
4.158746344492055,-0.3660389539669553,2.751516731977609
-2.0178442301315287,-1.3117957394656243,4.382635805179884
4.734365132486607,-1.408527128765097,0.7757822631562449
3.2654686952949374,-2.2333448377708676,-3.0575946486823598
-0.3387512227832417,2.8614757451981787,4.086221257923436
-4.273711002552403,-1.204617917383214,-2.2987583474088487
-0.16308891626507127,-3.5554055659857764,-3.5117649788601804
3.1137861846992223,-0.8657762751728655,-3.8150710396169636
-1.346066651361289,3.6553548014513364,3.13472261063075
0.6742970833157117,4.25196006847447,2.5428643336856367
-1.2892601412086027,4.49546188495701,-1.7687935801527401
-2.0500250585713227,4.517491466065845,0.6242340212227323
-0.15525464012219764,0.3370652115201513,4.986209285610002
-4.729028410902491,0.49029959529914147,1.5478684038788808
3.825314630157312,-1.6538004494952518,2.7625915466376365
4.634234751676246,-1.8740823012064414,0.10809160310115525
1.2462415696412148,-4.76682142081572,0.8510555164914905
-2.9288174044112973,3.216424014565991,2.4650852257357476
4.2768285311193575,-1.55828376963883,-2.068934365484712
3.8529175791178085,-3.146752651167512,-0.5029650891415837
-4.147601650898943,2.560548954358415,1.1139971264749269
-0.4492782118300384,2.847533241370783,4.085303358095113
-2.2674527202789103,4.436731383746396,0.4172203132393511
-2.33898393678182,3.0359946671518783,3.211213248057807
0.276507139722095,4.877437719420458,1.064962485187754
1.9705206565099598,4.417775558218842,1.265032592256723
1.5644775970516214,1.7235044419785426,-4.425148843463214
4.153792378073859,0.24030893638858555,2.772771266251023
-3.0175216101522335,-3.5031555119296662,-1.9032773816501556
-1.9730888543226626,-3.4875402609406896,-2.990649310980046
-0.8502485957972897,-2.6597890331576517,-4.147601671380585
0.6163864407446837,4.92513797228168,-0.6025642784427209
1.6856594925000783,4.674845756751033,0.5516966792824017
-2.276857281628281,3.864446744421497,2.209518562634488
-3.370679231488943,-3.6456119931532025,-0.5899446701061398
-3.3857376454000576,1.8262484237426233,-3.1939939403978923
-1.965870188804955,-4.586216793168561,0.31932730360345507
0.03332759642652613,-3.2864043846716386,-3.7680811418714786
-0.2709160837358621,1.9797285349327085,-4.5833698741806135
2.3477039784289557,1.1884541964633135,4.2515717861254085
0.16333171716720216,-3.7297492030219552,3.326002650739218
-4.483244106541863,1.7803356714221483,-1.3156470568581466
1.216510263470728,-4.803116270239212,0.6709522139718639
-3.8015260259928625,-3.003366428460798,1.2361998099391318
-4.643045745037768,-0.7364824299605909,1.7028563767523153
-3.019591071457205,-2.018819404973407,3.4360497626313196
1.8230979583501155,-4.654497202551475,0.10940578458258533
2.1773874702591374,2.866087560403915,3.4705224247159747
0.06649103730089394,-4.699600632911641,-1.7056766496306226
3.6356073143693814,-2.9251628103498017,1.7960462100542682
-1.2455172245958417,0.5996020636807544,-4.8051185426027585
-2.799530542156832,-4.101310282919776,0.5847073684738201
0.757442465173048,-1.620955709377675,4.668916737337312
-0.9063933355645968,4.555997311083457,-1.8496863579116314
-4.354614501037988,-0.9923705991267884,-2.247784051313297
-3.816210435264646,2.235762261134908,2.3319316082299975
4.211432113572464,-2.6641700403597355,0.4074770531210059
-3.7109035483573645,-2.9945325467214268,1.5039846014553497
4.383542689931845,1.8023638009145682,-1.5924943374146971
-4.989631947709199,-0.034743813247898145,0.31994670468797637
4.122337326928668,1.7830532299453747,-2.197056244658286
-1.7805578213708861,1.627830469774309,4.379472777222085
-4.141681032807411,1.9072554749049555,-2.0515493598566947
3.8172261448973637,-0.24553963251735839,-3.2200147278506748
4.789833196738778,1.0072286629585807,1.0212680196372808
-1.8237396977360087,-3.0100531372955186,3.551556507442783
1.9545112113027516,-3.094503114136421,3.4064551078051566
-3.575743735319665,3.4579938531485115,-0.5062956161268702
-4.483069581048228,-0.9436504565636089,-2.0029006334082973
4.945396147992535,0.6202638057842534,0.3979067109947117
4.284117508702963,0.35628321022664783,2.5533114666517513
2.276532341775283,-3.043897280606134,3.248398042415635
-0.4985915946530586,-3.38711085782454,3.644020644638066
4.413470927716518,2.3487175192198464,0.06928481154531423
-3.4356458548862086,0.35521894829028644,-3.615267218142907
1.0553322552685906,0.4232105285127003,-4.8690005832353025
3.2465986322530713,-3.790514591912363,0.3026490534462968
-2.043600608836815,-4.3295731284843,1.441697983860858
2.2372696785532353,-3.7758854191101268,-2.3952690218799733
-1.6890171321799143,0.5371843942859852,-4.675323951742632
4.743430449662269,0.7237234406725951,-1.4057353771737497
-3.7307849200620904,-1.783333369878591,2.8108656979860793
-4.034631801216052,1.366305043604929,2.618197234059316
3.6298001468148215,3.208069100228507,1.2380805879837389
2.4385468469038276,-4.035985975872928,1.66262036496984
0.8160335610732019,2.8076488425627515,4.056007544871957
1.3094915378286662,-2.445726083199156,4.159766320157232
-4.646777744357503,0.9172785582350654,-1.60189158220711
-4.59479785958777,-1.97021088020839,-0.07811348818315994
-3.59369287623298,0.5688798848012012,-3.4295403756160834
-1.4159574102694281,4.408635414483131,1.88653078280431
-1.0063746359861316,2.809250021325907,-4.011897856342329
2.954349688647887,2.9712059330582283,-2.728324251357547
2.798232756667654,3.89590222262391,1.4113253739893645
0.5667705524665547,-0.4577203562763643,4.946641609850767
0.5882389948356737,0.8548868841708516,-4.891129041461426
-4.183356966796788,1.9473811652149664,1.9254171199298025
-0.7226172291648596,-4.346483077460075,-2.363452812617018
2.8051672052442678,2.6407700472881515,3.1870629909005253
-1.847749708595143,-4.628129122448807,0.4077276546026707
-0.31848941625407023,2.884887766482403,-4.071361819653752
0.05267738373975389,-4.9197960003770325,0.8904113700512175
4.123121847069267,-2.0432284479445384,1.9557821309466632
4.31063150756109,-2.452372364419316,0.6358661747994001
-4.167500131075809,2.753967126484619,-0.2181919423928595
0.5827792982641711,-3.304917274821062,-3.7064659847493604
0.06329309398894714,0.7919719796065156,-4.9364738799847245
2.7516380881918523,-0.7501948534047828,4.1067865191091775
2.871009619680935,3.332258454485913,-2.377678985104316
3.1938613134362788,1.5183496735476891,3.534666063346397
1.2166057009680797,0.0731508299804474,-4.849177200767688
3.702037182787623,2.299997951153174,-2.450495893069213
-0.8999756484300273,-3.2520685973257857,-3.689728129621537
1.5547868685840467,4.6425489040969445,1.014582409835135
-4.2720783998628225,-2.256814113576867,1.2869095547806682
4.062045370115997,-0.45748707227637786,2.879321619725587
1.8755956370621187,4.404874169451029,-1.4419516488206725
2.6614334626157095,3.9988319632392004,-1.3878453998359745
2.8702400812546,2.0528117258243337,-3.5422712903273954
2.73413509926564,2.9722524979667218,2.947917968209808
2.4293444622842584,-4.167468575400588,-1.3154813402771612
-2.9381661928873988,3.4636059424996644,-2.090601181013389
-0.7817134737849681,3.3967400183399543,-3.5848404835795584
3.843114383156786,2.0908460364328434,-2.420502982833632
1.3866186006416092,0.47830373261416514,4.780011966064736
3.575089783282232,-0.4255132766646952,-3.4695347660533797
4.845647096499395,-1.0650702821867852,0.6207491523872981
0.31455381353866063,-0.6964504668864996,4.941256180928273
0.06142580338908609,3.6352426246069376,3.4323807963160022
-1.6017130743806711,-4.7201516996926305,0.393297799697366
-4.718653673184897,1.0605361921171073,-1.2686884951588489
3.59604327232808,0.7692466617468049,-3.387732627722464
-3.638701982878501,-3.0587036402678454,-1.5505418152401742
2.1685184591907656,-0.5363461965935438,4.4732382509261175
3.2101607746506646,2.2045881425855787,3.136025976050791
-4.3945875350737005,2.3473113239441723,-0.42158029491227395
-1.4126993201329763,2.5793418906669108,-4.043671109517522
-1.1933559316549405,1.8967898773624314,-4.469685646834617
-2.1834415903042514,4.338969747871815,1.1857168080038505
4.040763668653825,1.4477169167316797,2.5644384771517146
-1.191738031667972,-4.841040686583324,-0.37958600437978396
-4.117689929887513,-2.7328753434248765,-0.758961131154511
-2.1343093755829377,4.512715084317224,-0.2830654642914835
1.4173250099267791,-3.7174013112489397,3.028550364012577
-1.8509293739978754,1.3901350764656717,4.431882773906776
-3.5786806685962977,-3.250916153420893,1.274593596265985
0.4991638594077312,2.3013978691570474,-4.410714600753554
2.052162836067231,3.9279320390490575,2.3151625409194083
-4.875300064915466,0.5599314633588869,-0.9580845648355008
-1.4149536172307677,0.9045945095399025,4.709523864935375
-3.883963189126909,3.1023022119747665,0.5390277646685776
-4.020454453128191,-0.982892492080287,-2.805328561743509
2.83591074252865,-3.4824327755720685,-2.1977880298227173
-4.117594751082545,-0.7538161955155321,2.734442284861021
0.7759160329529764,-0.4683119215853325,4.917177874950993
4.194804585586508,2.508338414699506,-1.0544443494491205
0.8108204925236101,1.7994320059766178,-4.593975901631476
-4.391504312560783,-1.5040569933083494,1.8580910724828057
-1.914847713517212,2.6278882484114194,3.798363014233773
3.829793573489428,-3.156898649241147,-0.6055345596070473
-0.6277157007445279,-3.5177250413184313,3.4973680865359373
2.939343569668775,-3.258745185078117,2.396004841017023
-4.8045840666896265,0.061065972409038,-1.3828387082830387
-4.416213569131673,2.3089359152021744,-0.40727466322715095
-2.205928826386543,4.078430064947539,-1.8709051868678177
-3.628895491409908,3.1665688344628937,-1.3431155307839882
0.23844496289152467,2.0476882538456342,4.5552296116369675
0.47643969019872096,-4.9772452625397605,-0.005900688845431532
1.8710890211637292,4.0834332374759805,2.196496954233488
-0.42735417031023504,-4.9811370900157295,-0.07511127470682201
1.3410103382790288,0.8783066870730435,-4.736060455280479
-0.3357195080291304,-1.2924569087195834,4.818386405326133
-2.308841932549897,0.7395735732048857,-4.372902910003401
3.994197075929584,2.9758569146918465,-0.43665242689842576
4.214562697618216,2.4103636857347306,-1.1948255815542093
2.8809532173690564,-2.689087787890851,-3.0771602864243475
0.5410229538739016,4.078677217830023,-2.8410713324617363
1.793272057938025,4.0480876516044875,-2.323179220625474
1.6463920118454578,1.2371433261542486,4.556190265329519
-1.629579076416954,3.9135597707725798,-2.651135974312623
3.190069792498871,-0.10682985795938184,3.848641591579371
-0.20533192024964325,4.377125467996348,-2.408030614411776
3.1417182846454472,0.9453584672776955,-3.773049640313633
0.2995306552131758,-1.4823411450560051,4.765810121717148
1.8256769322438733,-0.3746000642727413,4.639674399235301
-1.691236058159656,-1.775694283340685,-4.357365076246401
-2.349836185946966,-1.4611891788260507,4.164516308395954
-0.3749110485065417,-4.641807891837583,-1.8201816395574517
-2.853633968928843,3.8478029996428393,1.4321959528343136
-2.0507542966281247,4.263129036982888,1.6186839187731004
-3.7637120934663737,-2.275975867536096,2.3778993098716947
2.502343833120775,-1.9995176201753588,3.839297413258147
-2.4069862129647155,0.946164279022984,4.279157689043334
-1.182172922174623,-4.816187921332546,0.6378096020660077
0.9924790466160075,1.2788225051593813,-4.730708017023041
-0.6309390140431012,-4.959854686347726,0.04192196170047168
1.7646798620671735,4.588597864659379,0.9114135290075354
2.3775200451314205,1.0692577402380645,4.266624698744814
-1.3432743035454453,-4.731304255255322,0.9002078591288688
-4.686957101795898,-0.34687616562313234,1.7064905659415721
-1.6644006492854384,-3.7441053894875775,2.8655619538003863
2.1780549657752823,0.09301650148983777,-4.499713823846159
-1.948818176047752,-4.378750253722818,-1.4243082293619844
-3.0677714516483467,-3.430748040526806,1.9541612530374455
-3.3347375624932223,-2.8190264305877446,-2.4356960756515758
-2.174649281166409,-2.6915182729569898,-3.609242287553033
-2.6257787648610855,0.30390899021954026,-4.244163663628953
-2.7055170083337896,-3.960283042041018,1.4129175292772473
3.7145140745683864,2.386897322907049,2.346296306891464
1.9263075111204273,-3.9793728244362385,2.3353653454522645
-0.3990270434933913,4.934757798214517,-0.699244514831498
-1.6593500363728617,-2.7843139915705817,-3.8071187337846024
3.1903715458989836,2.606405603781593,-2.8334041765505393
0.7344894427509648,-1.199403987543209,4.798119979028538
-3.540863855693203,2.665679307739606,2.314397758323827
3.212898508102923,1.0295385176579672,3.690167153028254
0.015484477680738585,-3.9130875026206016,-3.11247593208131
-3.626111283829502,3.1725391926053432,1.3365298457825054
4.74988886745454,0.004084972139495384,1.5615822296100992
-1.0571169375478575,3.5415144469041553,3.367518255736499
1.2143842972955494,2.428937707660277,4.198277312277982
-1.161278710863859,0.6843070950572734,-4.814888945276791
1.7311994490992935,4.3807813601859475,-1.676813389046515
3.577942546257888,-2.1471788969848307,-2.7546233717190147
-2.95117730746393,-3.726865659368936,1.549524074329436
2.2763544010761314,-4.43063018035132,0.4332745615211728
3.731764644131411,-1.4760707806705577,2.9824734183662684
-4.109999435649913,-0.3667462717138227,-2.8237212700869407
-4.752221283990822,1.2608139284833377,-0.9092530482363138
1.8457095684191205,2.1557749495754583,-4.1165508081194675
2.805334778401731,3.570208364902619,2.0937308834396746
-1.371801243322879,-3.7712546526902364,2.9825827219676646
4.428516952061668,-1.8574493446560851,-1.392163617301901
-3.414879383414568,-3.476837269199978,-1.1181240540441704
3.5578850600161447,3.146965640086384,1.5614292042323314
1.558765472312443,1.8597154740328468,4.37169401467776
0.9670168372144148,-3.7836326005250176,3.122339312244607
3.711995229817464,-1.1251525479565316,3.1551740296914383
1.682026242696879,3.6725967962455335,2.946662602179975
-3.2060076167398863,3.5233271313580645,1.519105357387034
2.177773078783491,-4.444832965423246,0.7076470354722487
3.428312574720656,1.0110391706201263,-3.496351338965235
-0.6305179847942846,4.342052203827832,2.3977134378579983
2.801072267038015,0.33149517540453294,-4.128450690454476
2.6467416919323714,0.7131074127942499,4.181654724389002
2.144141246292214,3.064794404915455,-3.3180858294425404
-4.800524413895725,-0.8354823359933762,1.1211309548104353
1.103064641039653,4.545691378190752,-1.7663347055216676
0.8578871058898826,2.500557548152103,4.243965322894077
-0.5556740476891091,-2.8128671751894037,-4.096218330053562
-0.2820374618038028,0.6219095665762543,-4.953148832928423
0.5725012154040051,4.881915976695036,0.9160451707479744
-3.1230541958706466,0.4641360512301405,-3.8769975774564576
-4.5176566453632105,2.142598588344766,-0.007051512507479073
1.175579511206358,-2.21695954940338,4.324708449033412
-4.1073720492291885,1.9999745149918933,2.0321409371876133
4.4470779591490865,-1.1881312630040513,-1.9523938452891114
3.50118984886753,-0.33288052066231677,-3.5539921498436864
-3.1201347474691716,3.88904723368749,0.3742602995017941
-4.698888311089128,-0.6480467778802793,-1.5812918812126193
1.8501569680504533,0.38222320864117043,-4.62934386412917
2.287324799889966,-0.28152209515278387,4.437216534016469
0.12775258251286137,-0.2855481843060447,4.990204556138036
-4.902594184160011,-0.9788407977033553,-0.08025558044080076
-0.8856482237310456,-4.545196208266493,-1.8859529824897405
-3.698764797581474,0.7891507159091891,-3.270532085112772
4.303354783334092,1.8595279245651135,1.738762061501844
-0.019169166503157635,4.01143912235663,-2.9846253886681073
-2.4777115655331627,1.3099281496739985,-4.140656184799079
-2.6856404704782344,-3.8994049470296708,1.6068529249467645
4.277412884901187,-1.391446617308767,-2.1834869642984582
2.42676099842277,4.0819479541103645,1.56477856467563
3.812925303650519,-1.8348817431181423,2.6636083829184294
-3.4147478203759127,-3.5025411388589034,1.0352308408461044
-1.6660371889605161,-3.782265844779503,2.814033611102563
4.366690696193875,1.9491193513320522,-1.4604609265696789
-1.0054649008503016,-0.30837472984747777,-4.888143344783333
-2.818075137114629,2.664162132988489,-3.156056503094738
1.445871179971618,4.6647554897375585,-1.0721533248051778
0.6025904985780315,-1.6365395386432575,-4.686002884066633
0.9115817380179786,-4.853735943366995,-0.7811953193532554
4.94969394941438,-0.12251729406358994,0.6967921639814959
-4.0592272098452264,0.8718844500924118,2.786124901101742
0.13877199157504908,4.955427341147148,-0.6515229857538446
4.726202042634242,1.4374448500315196,-0.7725066700797985
-3.591764904170688,1.1434333400451646,-3.2850852454755097
-0.7900314775263454,4.937175058654143,0.012357375166239344
4.882160531721201,-0.939098960707215,0.5316029387638675
-3.9713616599271195,1.0648318466010243,2.845069367260694
-4.899845673722759,0.5319528126904972,0.8417473366581165
-4.236057284961985,-2.621197610748773,0.43028102900942716
-4.5543758674065415,-2.0591394026445173,0.13268526241330914
-3.743005309982521,2.9200006596269743,-1.5695564332704572
2.8418465851324726,3.7457263955403555,1.7010119800645602
-3.5184347703884344,3.5058763497318712,0.5739754236136037
1.223329047216621,0.05290830979241757,4.84774862724863
-3.5165281234505192,2.0670594179251727,2.891590448135494
-3.3753413294856736,-3.1147693755182075,1.976178799299245
2.9971628133839467,3.347647399047684,-2.1932332210044834
3.7181364197775135,-3.3419890532054493,0.0810600529175677
-3.574766481391872,-1.0653816527470377,3.3295655178276884
-3.5384982759535273,0.7968962118771291,3.4415093169378173
0.9607605979702345,-3.7478980196755827,-3.1670490219603056
-4.651596504232471,-1.8279227000679814,0.14611147931777455
0.7428892662717839,-4.294480457196054,-2.450623010750396
0.20446916298993995,-4.295001039588295,2.5516971668522226
-4.566680162467263,0.6951863317360293,-1.9136740208027523
1.8169561917586663,-2.9053160709772006,3.641127397517346
-2.65266145669921,-2.3625193036365313,-3.5187909480512176
4.856977565201791,-0.9170393143331779,-0.754193494465324
-3.704312519167248,-2.254005124473744,2.4894838138029516
-0.5514241665711617,3.1752248314223603,3.8228103089795265
2.322643189700908,4.377626101247123,-0.664618936696741
4.679231486072483,0.9517024773613951,1.482921135574
-1.1719602379947756,3.522860854210913,3.349023828286025
0.8252765410666549,4.29891978069152,-2.416238264315885
2.4854224159154383,-2.472771036357482,3.56483924128657
-3.9565834839354377,2.8547416806990302,1.093570789262857
-3.5737834250943483,2.84628449239724,2.0314370821809598
-3.8786962969829015,-2.9656541956910307,1.077316215115747
-4.9689098625986405,-0.33248957718373345,-0.4465259885316171
-1.6137170892244002,-0.7705560029484718,4.669278381320309
-0.9001712917622414,0.0964930612459886,-4.917355054764551
-3.6540875871693146,-3.390618997692678,-0.3890330548689156
0.6506537876228207,0.3793430267870066,4.942949374278494
1.7691363027121751,-4.013942446336867,-2.399671389986782
-4.8413207042322535,-0.34090999928031146,-1.2022454870627752
3.6684605614262185,2.9022030587030345,1.7662430510309668
-4.974400438993101,0.2920391674450168,-0.41237531112235726
4.371760500931026,-0.9569291122523533,2.2297974788359656
-1.0665408301778132,3.694209963091745,-3.196138827735321
1.7303077094374781,-1.5517473768627212,4.4269758649738415
4.48548803487983,0.10620647977264068,2.206607639025158
-3.161242428141655,2.4318449287643196,-3.01540653195557
2.5299045311379458,3.188340983733822,-2.9041461455599884
0.07827555640532492,-1.393285254493257,-4.8013153548669445
3.9890987093888355,-2.9413338297174616,0.6600354451936228
-0.6032137342619814,2.26981752639712,-4.414075394423862
-2.9430409929612202,2.672719177700705,-3.0323393462639867
4.187334476841729,0.5248852872707073,-2.68155279908104
1.617199085090183,-2.504953988767456,4.013710581661499
2.4339042325912033,4.30586112308583,0.7318949209228459
-2.9279182114586213,-0.5964540199939604,-4.008932220559733
2.458747298829504,4.344527227287944,0.2822142658554698
-4.765087508485638,-1.3670353895907548,0.6520393240293031
4.1660667604833534,0.11258482917110127,2.7624649144262903
-0.5387192641728138,4.94048927847985,0.5489510393785184
3.3424153021936047,-3.7172106061257466,-0.10298183028230345
0.6179202449550664,3.5289514148861985,3.4877896270055286
-0.6592970438031825,-3.2120665044220336,-3.7746464972500937
-3.284139087793336,3.769450645480315,0.0753145624431123
3.6203577840855727,-1.3519580407408653,3.172572926078631
-4.7232852163308845,-1.637433806163888,0.09688805716781265
4.1129060718333506,-1.032853212810703,2.649003187061685
-4.817850257637424,-0.9596635548615927,0.9313241951401308
3.290457355788719,2.7309886368256455,-2.5912528736626834
0.09269337070405224,-4.322773542522877,2.5109832414995803
-3.8847247208126188,0.8139730792762406,3.0407830685073334
-2.51157301429977,2.4246262351054364,-3.5795514542858027
-0.9456785673659803,-3.2695609980992475,-3.662739811525367
-0.2928936036374135,3.919509464682729,3.090575819036123
-0.18224523382815142,4.801553404908673,-1.3827044422279307
-3.0503658999939884,-0.03910664699236564,3.9615323482605667
-2.4122458572254164,3.8201547956708253,2.1418420253165285
-3.2934248226114353,3.543908405527615,1.2625633255554163
-3.8986358873773903,-2.982233373544164,-0.9523246942994313
-4.403469975455009,-0.03347735478028828,-2.3681915973973013
-2.2850580486644834,4.042665117276387,-1.8534747000675122
2.1433060879533548,3.900497760761116,2.2786742267466855
3.601361793427595,0.7071371745071043,-3.3956074934052785
-2.88020901882179,-3.87775529016707,1.2912822764519487
-0.061297638424976035,-0.07903812777204548,-4.9989994572796075
0.9232075237631309,4.906283139920875,0.275814464804349
0.01455016958723419,-0.6651002090650996,-4.95554537911485
0.6613267698449303,4.955760088245953,0.05557743458396455
1.2289274477683876,-4.728188974163601,-1.0648785624282338
-3.9495471660811434,2.54942905104528,1.7033756768801087
2.101212337297151,3.393379364498597,-3.011624678173783
-2.0343774021049015,3.358958435937813,-3.094948595929682
-3.4986764264738803,0.30290713895450394,3.5591446343196496
3.6710246923691634,-1.6442357503858072,-2.969859677690027
4.284064536980082,-2.4265366206257126,-0.8710402239575336
1.8643562305512287,-1.8917069203554715,4.236227186198119
1.9907634697400125,-3.791169252006552,-2.5814524032390747
1.644359554114743,4.11457034446384,-2.316547546943572
-2.2878006259119066,4.271211836379688,1.2339844994355245
-3.696546624894394,-3.2806929418337933,0.7567013092256386
-4.853451297800559,-0.15271158379872132,-1.1919268736175725
-2.4360927252548996,-4.360997447371944,-0.21714856199281704
4.892691021785713,-0.8667633240228729,-0.5570421038541866
-2.174658239630365,3.799619968686851,2.415315638661725
-2.471357414572785,-0.8071853037270563,-4.270930158043231
0.5379937866670924,-4.3411790876901595,-2.421719805037164
-1.7624432186131331,0.8934165913993433,4.592994741492412
-4.613253427447867,-1.1944624004609912,-1.5136553068732237
-4.929533013106253,-0.43165937037406255,0.7165015426807224
3.82389348027254,-0.63873818671934,-3.1575072732070857
-3.605251066436346,1.8478437947568447,2.9304672081663385
4.619744222562531,0.8034532378703276,1.7356342393072914
-2.988508494301661,-3.677327350813292,1.5956442380578837
-0.07822647267024702,-2.252486827846838,4.463203301368879
-4.7497792073946306,-1.2951990377414466,0.8729587239012316
-2.6760227682488,3.4896218490512854,-2.379378384040236
-3.2166563963147756,-2.2385394396692253,3.1051671138752965
-2.0920813571605037,2.9665534398413267,3.438423517193171
2.6710193205430848,-2.5120310964282164,-3.399316925481237
0.5142701321241167,1.089307913782276,-4.852724440989448
-0.2732678367427767,-3.8528480818577187,-3.1750411568241477
0.308360407950088,4.479452352337196,-2.199868287409411
-4.646937519645116,0.589970709959268,-1.7486870074157532
3.0852928084141533,-3.792002665019946,1.04961139229218
1.1538752182438894,-4.432048078078504,2.0063703083736204
3.8442222375376156,-3.056541023791205,0.9378232020496734
1.801379916695461,-4.074161273537272,-2.2707356325506938
-4.028025836001821,1.1458119689816093,-2.7316886345702582
1.5616772819639946,-0.22327724387262074,4.744608660297095
-4.761670319915233,-0.4799532591595722,1.4478054542860626
-1.7285245339662987,-4.2366129404290245,-2.0157662881559255
3.470987013131294,3.5899217681984577,0.25438327949918055
3.7673941353741403,-1.290843594663631,-3.023320069536868
-1.832384337809833,4.272349792274619,-1.8410309315707445
0.09287969019912878,0.6322010374697252,4.959001432886535
-1.7186525014445644,-3.6561073597382583,2.9460333591706123
-4.624408189061215,0.02404466178120808,-1.9011235507413502
-3.736570195398176,-2.3539746095378176,2.344535500373862
-4.688047248086218,1.3834382881228604,1.0527637449432439
1.0725222666137577,3.697747948552813,-3.1900401402789824
-2.19809945146855,-4.463695027784659,-0.49374639278091803
2.4102264018976496,-3.8891966069488793,2.016174209757886
-2.297108767716092,4.274753938455793,1.204063982908943
-1.8669295602435088,-4.493444971264126,-1.1504461340324108
-2.8141727954746005,-2.894783279143479,2.9496883299769148
-2.9617573735219147,3.7992534005560614,-1.3392784843906704
-1.3626056783126843,3.762090037804475,2.9983302541385197
-0.8763772295355734,-4.6327832481117275,-1.6641160799556332
-0.4744371447168091,-2.682362479431092,-4.192832088774036
-0.21429858998112547,-4.483093657041975,-2.2036214231401265
-0.23532271908009356,-3.3496860593470252,3.70462231836134
-3.8764689766239924,-0.7131437954784234,3.076428806301613
-0.6107247950275861,2.889766889582494,-4.034385027313486
-0.7947981811938106,-4.906406325222595,-0.543574119128858
-0.4437584714433281,4.9786090873831075,-0.12856894667306654
-3.06919901407576,0.14777497438595952,-3.944385879822309
0.028619522019692378,4.634260061176988,-1.8769162496870277
-2.480964327585072,0.41980848781095337,4.320714852754371
-2.6346270033711954,3.350181942311969,2.6143874055912435
1.7668117862745745,1.0022981456140425,4.568782610190586
4.256570296822494,2.5926530702893658,-0.3996990934785667
0.35208293302934385,0.7730336496523119,4.927317382184213
2.0758117905762057,-2.9641542481245464,3.450332593161131
-2.356803953241408,2.183676896329687,-3.831061254851143
0.4683394872938617,-1.180733729113632,4.83596174360124
-4.495861461738565,-2.045233926391119,0.7773338428196358
1.0843526565260049,4.841427461395022,-0.6202898131802245
3.9527780515047737,-2.6513354285742463,-1.5316547002275485
1.6167438805720191,-0.08083757176183456,-4.730708669071112
1.2479256199626398,4.800811994358253,-0.628399428601583
0.3080416737400561,-4.878938480998564,-1.0493186483956358
-3.228126895388818,-1.7159166445398333,3.4109861940879376
1.4797842128481502,3.0079884967225445,3.7097498415648222
-2.906671036907433,-4.016062294330036,-0.6500054855645806
1.0468031900708672,4.46291954966926,1.9966352131617322
-3.596260028782096,-2.3511259811932694,-2.5571703943895066
-0.0747762352336967,4.086722524992824,-2.879775602084397
-2.2029644840588203,3.924355735523918,2.1786187236494547
1.5445150612161058,-1.1405330780161915,-4.616671693290257
-3.534817994105475,0.48096290995180196,-3.5033892772283863
-4.60656246776288,-1.0476370636969972,1.6376931377296229
-0.9231075096167791,1.0332729092626274,4.804187717051973
4.744029471437736,-0.35552478767193446,1.5387613523483836
4.499167468700174,-1.7974115985785053,-1.2356389577402984
-2.221458311238474,1.7780277480600832,4.111415850842371
-0.17378492993797304,-3.889600003682542,3.1370066320425947
-0.3380344072158633,-0.17797857945837814,4.985384274536136
-1.4713290937530727,-3.0017675815853986,3.718142289372303
3.3448062129126197,-2.3509416858510255,2.8784274504995033
-3.4731792332274756,-2.8878437545086175,-2.1441512221443193
1.5536649730210599,-4.266707476257502,-2.093163267319539
4.571042101801041,0.5470841763112055,-1.950967197979558
-4.6274713134644925,0.5937278517702622,-1.7983315826330455
-1.2708339845703736,0.46283924981215396,-4.81360164663574
2.4906311385950612,-4.330710670071008,-0.20420975391442128
0.05014661546386554,4.961894103148523,0.6140783550146066
1.9827111621764575,-4.2433491484557555,-1.7500984119987935
1.741896743573891,-4.292464156833638,1.881634182572468
1.190362317459072,-3.551879923236604,-3.3116742841170543
-1.08941036282123,2.7404748542071493,4.037695213217068
-0.029554595593671407,-3.0666060805906876,-3.9490573143933374
-0.21744890660644553,-1.7949109670067214,4.661653203911103
3.614055324930588,1.4927248576167962,-3.1161477191869094
-1.6218100385928906,4.729074434200499,-0.0747475384916083
-1.8506866312211538,-2.597924617058111,3.8504216232904636
0.25608817202836986,1.3044222675918529,-4.820052011748182
-1.0111542747337108,4.813983180885456,-0.8961768613614637
-1.3863798182019023,3.942442533851141,2.7450132726389245
-2.5632038632585945,0.6339917669355746,-4.245943993369923
0.6992373089244204,-0.4982396705382157,-4.925730851001718
-4.938548336794745,-0.7638079120674461,0.16534146063533292
-4.019047390538282,-1.1803010663608646,-2.7302284639485443
-2.6128518233133033,-4.1727779622326535,0.8723126889561149
1.6841778295435827,4.673399091752236,0.5682305585616085
-3.11923769460603,-0.3605355754205702,3.8910628757969237
0.18781765280573665,4.902737151962336,0.9632720010790237
0.03401372536514069,-4.944381645645584,-0.7429220744397432
3.2524413136755275,2.1922025135140206,3.1009472167128904
-1.38726124794841,4.7873972063178485,0.3953912225640333
-3.053623452128669,1.3855641279537216,3.7088537123938488
-4.131694535463726,1.9510087074576032,-2.030434753702712
0.16624390763351088,4.97713526884502,-0.4477582816584751
-4.4480264364256135,0.06386190092901303,2.282757647773541
-1.0586179544803722,3.861972957441313,2.9940763020410475
1.347471880409592,3.758156417015456,3.010079712690512
1.7190198910681862,-4.691504407199291,0.18643232375729632
-0.7860004171410714,3.5598260289370485,-3.421964638618633
3.115813090964573,-3.4830454003189497,1.7776680009188441
-1.6766299458030585,-0.5020758241898176,-4.683677176279398
-0.6295223422742663,1.4069140846334067,4.756500223802966
2.2765530218696375,4.102171476870366,-1.7290157642333457
4.011204830586771,1.9925658143157938,-2.222592468874441
-0.22630870241418874,4.35058907584715,-2.4538050175861654
0.2847719322733905,-4.8275252086561,-1.270395728259176
-1.0771761668351745,-4.421628837812034,-2.070963526050442
-2.190729921285481,4.34208582387661,1.1606003231406978
0.6730871958649955,3.9507940504828736,2.9896789120960343
-3.2701140558620434,0.9156173245077783,-3.6698772427309763
-0.2909299139273106,2.5887426580401414,4.267759510050386
3.049482708389024,-2.01324321443283,-3.4128444105725815
1.9841262427305868,-3.891716338571863,-2.432650199473943
-4.803239369097116,0.810896266157811,-1.127536610796676
-3.994062462943853,1.4381892820854245,-2.641794206783999
0.14813951596136932,-3.974341200102696,-3.0302915221108675
-2.190179434716486,-3.3925552468428806,2.9485052044830806
1.6797532559503,4.591683367501624,-1.0463617212672267
2.533375373457816,-2.9055194093666654,-3.1843313550808516
1.0461676055868516,-1.8118180287646874,4.541238682525278
-2.081965167038799,4.104486251457064,1.9541273384396043
1.8112805656949218,-4.659722251841354,-0.07906483434761435
-1.277461724319637,0.7529504572130462,-4.775055722384919
4.250636403975667,-0.6154323338869536,-2.559947890798418
1.0420285558701274,-2.7708422658445757,4.0294676604435615
-3.7362059401841505,2.384821036037457,2.3137402184787086
-2.75749406186603,3.661885834572353,1.9967019390314455
2.303277116151015,3.681765877614088,2.4778043806264516
2.4819676928519603,-2.0921494813184482,-3.8029918379426033
-0.8319997472171965,-3.038382712012591,-3.882783398024353
-4.445569188693434,2.2187479221162514,0.5604214901700522
2.3686944285745484,-4.001702860001886,-1.83729717909015
-4.518220096653442,2.1280046295597037,0.23933962223048033
3.3655694490457906,3.4903809433275783,1.2207305821127368
4.738308624873514,0.38338592135092264,1.5496601597638067
0.9949595078444328,4.898399314983263,0.12545807555302071
-0.2509567522994103,-4.920766339608586,0.8503407196238707
-1.600169209878784,-4.515939223703615,1.430297670966118
-0.7667332029066501,-1.5313681992957793,-4.697555921300577
-3.0503983627621887,3.932715711711784,0.47834815700808836
1.2785977094879182,-4.659907414342912,1.2846987145024364
0.44262173920016634,-2.025937987863289,4.549688040439682
2.3154756150696163,-2.075642627060812,3.915390192655908
-0.9332609735734368,-3.8725069805643297,3.0220379945800318
4.440115027708633,2.29877538012094,0.03178509817181552
0.34574451767786374,4.694253959355684,-1.6865469141323028
4.27012906435324,-1.3596207301946208,-2.2175277323611455
3.376288697913134,-2.485343434359942,2.7246545912515154
-0.18864144470474936,-0.6315249496288367,4.956368695258253
-3.066792152637985,-3.933521213429967,0.34956652587814446
-1.353691014830371,-1.9430402850487476,-4.403647929506309
-2.443656400660767,-2.5426340276194095,-3.5445106287189443
-2.690377274873535,-0.2341794593233641,4.207972207569231
1.8070793712764306,-1.638003943985142,4.364791773429324
-3.6424023530053655,2.8606062748645225,1.884101069217545
3.4341397896441395,3.634051208104963,0.018860595265477727
0.6480215172630575,-4.939966570798354,0.4204740093737468
-2.3312267970919485,1.6254324805438578,4.113800052471372
-4.523559046175862,-1.7071521192081023,1.2739879111058356
-3.0544060609534847,-3.0946320395034617,-2.4685737086198696
4.334223227065051,-2.2045370386403365,-1.1638408238383422
0.5921829171601459,-4.742830223841489,1.4679512459340724
0.4415907104151412,4.920555731510862,-0.7701486464122712
1.9998848320031621,-2.727902061148727,-3.682256238164886
-0.07168075332334674,-4.999421537354449,0.025419705731503952
2.6572816287574432,0.9319922277303428,-4.13161528132986
-4.900262219906558,0.8369276960329323,0.5357072033951502
2.4872646932448896,-1.039754251813009,-4.210988653698104
3.195646826183397,-2.1255655637350195,3.2046548014673624
-0.6285429843830889,-3.7716745996882164,-3.221708309398841
3.3903416545608462,1.8311583925781776,3.1862897555997836
-4.584152559464903,-0.3464274701755135,-1.9660959588634446
1.1981027363607177,-4.436808449139233,-1.9695889466514782
0.5543024817128076,-0.2530152942049789,-4.962734328942604
-3.5338457517643076,0.9849065865040284,3.3973361945203977
-0.5818021781617091,4.588233963450163,1.8998987662843247
0.8378680710588924,-3.5404967774677294,-3.4297025620657946
4.838041619922754,-0.38083070486278975,1.203462196385463
-2.3340147970264953,-4.23593623187337,-1.2685500253296287
0.19333603647114533,1.2574954828240201,4.835424106288798
-1.273371856322654,0.03377103990582779,-4.835016404562561
-3.2788721875288327,-2.1377540016543772,3.111109931561497
-2.0850291434537804,4.004912489031367,2.1478662495949257
-0.4660206669357105,2.799006860881005,-4.116841669378343
-3.747451745856701,1.7103699132068004,-2.8339442782935094
-2.151135398666525,-0.08303911865091988,-4.512839571863539
-4.1017579742920605,-2.5721815614209347,1.2487848235054995
-3.9444664180929414,-1.7214960578375178,-2.5451200363414936
-2.8295757398304664,-2.617800496332725,-3.184434281620992
2.5684010784551847,2.8340878572329795,-3.220444366492739
2.0483958054503453,3.132227363309394,3.3156034697697665
2.370116543842845,-3.233648885395785,-2.9876516621890583
-2.0832058283020722,4.539547347678658,-0.22970275381879487
-2.1062911845887897,4.489865662357552,-0.6361161684048992
-2.253968367067422,-2.9902213008786025,-3.3133371654619297
-0.8691830506493281,-4.551676201493759,1.8779682055932876
3.7513928480089347,2.0448861275174828,2.597208583343657
-0.16157550093680909,1.9629458972200569,-4.595730275166718
-0.27954028440163853,0.9455792998633586,4.901809565565207
2.3556984646479693,-1.3487015399234794,4.199010466748473
-1.8579212198941886,4.585938659383508,-0.7192324749611086
3.2726448143385247,-3.455630388451625,1.532453763606862
0.8260979812126413,3.0924762606669285,3.8411134717224753
-2.7278257194542435,-1.2108876801203352,4.011572992034013
0.05172876222990934,-2.7825336682966673,4.153893417018984
